_id,userAgent,id,recorded_on,location.coords.accuracy,location.coords.longitude,location.coords.latitude,location.selection.id,location.selection.name,location.selection.category,form_data.sprayed_count,form_data.bednets_count,team_name,personalised_instance_id,instance_slug,username,country,location_selection.id,location_selection.name,location_selection.category,initial_form_completion_duration_seconds,updated_at,name
5be035c8d9d40d20361a9581,"Mozilla/5.0 (Macintosh; Intel Mac OS X 10_14_1) AppleWebKit/537.36 (KHTML, like Gecko) Chrome/70.0.3538.77 Safari/537.36",24d2bd2a-ccf7-4bd4-9559-d7c59e87d25e,2018-11-05T00:31:44.096Z,100,38.4789204803421,-13.9509936942613,Hhohho,Luli,11,3,0,Team5,laroyabo-715,demo-app,user,demo-app,41,Luli,11,42576,1541420488093,Unnamed
5be035c8d9d40d20361a9582,"Mozilla/5.0 (Macintosh; Intel Mac OS X 10_14_1) AppleWebKit/537.36 (KHTML, like Gecko) Chrome/70.0.3538.77 Safari/537.36",c2c0bb9b-cdab-48bc-ae75-be24e2fb6554,2018-11-03T22:52:26.061Z,100,40.1212715716,-11.9762109014655,Hhohho,Chai,4,0,1,Team4,laroyabo-715,demo-app,user,demo-app,15,Chai,4,134934,1541420488094,Unnamed
5be035c8d9d40d20361a9583,"Mozilla/5.0 (Macintosh; Intel Mac OS X 10_14_1) AppleWebKit/537.36 (KHTML, like Gecko) Chrome/70.0.3538.77 Safari/537.36",aaa38052-c241-4076-a0b5-96d1d02fd414,2018-11-03T14:04:34.061Z,100,39.4390620425666,-13.815075810432,Hhohho,Namogelia,3,0,1,Team2,laroyabo-715,demo-app,user,demo-app,13,Namogelia,3,166606,1541420488094,Unnamed
5be035c8d9d40d20361a9584,"Mozilla/5.0 (Macintosh; Intel Mac OS X 10_14_1) AppleWebKit/537.36 (KHTML, like Gecko) Chrome/70.0.3538.77 Safari/537.36",b4759fad-cb95-4bc9-9313-3df847259099,2018-11-02T08:25:38.056Z,100,40.0405467440309,-13.3198107167151,Hhohho,Chiure Velho,3,0,1,Team5,laroyabo-715,demo-app,user,demo-app,10,Chiure Velho,3,273342,1541420488095,Unnamed
5be035c8d9d40d20361a9585,"Mozilla/5.0 (Macintosh; Intel Mac OS X 10_14_1) AppleWebKit/537.36 (KHTML, like Gecko) Chrome/70.0.3538.77 Safari/537.36",270ae4a0-89b3-4ad3-902a-5d72b6492488,2018-11-02T05:10:35.059Z,100,40.136319628548,-13.2623948257246,Hhohho,Mazeze,3,2,3,Team2,laroyabo-715,demo-app,user,demo-app,12,Mazeze,3,285045,1541420488095,Unnamed
5be035c8d9d40d20361a9586,"Mozilla/5.0 (Macintosh; Intel Mac OS X 10_14_1) AppleWebKit/537.36 (KHTML, like Gecko) Chrome/70.0.3538.77 Safari/537.36",3b457462-b209-4b66-88bd-e67f3385f54f,2018-11-02T02:27:57.095Z,100,38.4568060163828,-13.9369814417661,Hhohho,Luli,11,0,1,Team2,laroyabo-715,demo-app,user,demo-app,41,Luli,11,294803,1541420488096,Unnamed
5be035c8d9d40d20361a9587,"Mozilla/5.0 (Macintosh; Intel Mac OS X 10_14_1) AppleWebKit/537.36 (KHTML, like Gecko) Chrome/70.0.3538.77 Safari/537.36",0c831230-3bab-4736-8ae4-dd3cff9881ff,2018-11-01T19:52:16.049Z,100,40.4642259519918,-13.1764545532855,Hhohho,Murrebue,1,2,3,Team4,laroyabo-715,demo-app,user,demo-app,5,Murrebue,1,318544,1541420488096,Unnamed
5be035c8d9d40d20361a9588,"Mozilla/5.0 (Macintosh; Intel Mac OS X 10_14_1) AppleWebKit/537.36 (KHTML, like Gecko) Chrome/70.0.3538.77 Safari/537.36",f3f53880-079b-4f79-bb2e-a624eb76a16e,2018-11-01T18:45:08.046Z,100,40.1712986100616,-13.2371318137355,Hhohho,Metoro,1,2,3,Team3,laroyabo-715,demo-app,user,demo-app,3,Metoro,1,322572,1541420488096,Unnamed
5be035c8d9d40d20361a9589,"Mozilla/5.0 (Macintosh; Intel Mac OS X 10_14_1) AppleWebKit/537.36 (KHTML, like Gecko) Chrome/70.0.3538.77 Safari/537.36",31d203f5-08b0-4389-879e-fb2defe52c6c,2018-11-01T14:02:36.082Z,100,39.0636178902339,-13.138084092843,Hhohho,Montepuez Cidade,8,2,3,Team3,laroyabo-715,demo-app,user,demo-app,29,Montepuez Cidade,8,339524,1541420488097,Unnamed
5be035c8d9d40d20361a958a,"Mozilla/5.0 (Macintosh; Intel Mac OS X 10_14_1) AppleWebKit/537.36 (KHTML, like Gecko) Chrome/70.0.3538.77 Safari/537.36",0ee13b5c-e580-45b7-8c27-70d236a51c3c,2018-10-31T15:30:02.087Z,100,39.5390912226618,-11.6042739706537,Hhohho,Mueda-Sede,9,3,0,Team3,laroyabo-715,demo-app,user,demo-app,34,Mueda-Sede,9,420678,1541420488097,Unnamed
5be035c8d9d40d20361a958b,"Mozilla/5.0 (Macintosh; Intel Mac OS X 10_14_1) AppleWebKit/537.36 (KHTML, like Gecko) Chrome/70.0.3538.77 Safari/537.36",e9ef51a5-7372-4e2f-9004-a8ed65430c36,2018-10-30T09:53:09.060Z,100,39.4943776107043,-13.7065345987104,Hhohho,Namogelia,3,0,1,Team2,laroyabo-715,demo-app,user,demo-app,13,Namogelia,3,527291,1541420488098,Unnamed
5be035c8d9d40d20361a958c,"Mozilla/5.0 (Macintosh; Intel Mac OS X 10_14_1) AppleWebKit/537.36 (KHTML, like Gecko) Chrome/70.0.3538.77 Safari/537.36",8c127d48-fc0e-44f8-8563-128bca37f4b2,2018-10-30T05:46:04.077Z,100,40.1569099715958,-11.4053320608737,Hhohho,Mocimboa Da Praia,7,0,1,Team1,laroyabo-715,demo-app,user,demo-app,26,Mocimboa Da Praia,7,542116,1541420488098,Unnamed
5be035c8d9d40d20361a958d,"Mozilla/5.0 (Macintosh; Intel Mac OS X 10_14_1) AppleWebKit/537.36 (KHTML, like Gecko) Chrome/70.0.3538.77 Safari/537.36",c73707e2-dca1-42a9-951f-8f33ac073413,2018-10-30T04:53:48.106Z,100,40.4556193808824,-10.872039542305,Hhohho,Palma,13,2,3,Team4,laroyabo-715,demo-app,user,demo-app,49,Palma,13,545252,1541420488098,Unnamed
5be035c8d9d40d20361a958e,"Mozilla/5.0 (Macintosh; Intel Mac OS X 10_14_1) AppleWebKit/537.36 (KHTML, like Gecko) Chrome/70.0.3538.77 Safari/537.36",579da111-00e0-4c2f-861a-4095b95ef696,2018-10-29T23:03:33.093Z,100,39.6794946781713,-11.7729027454573,Hhohho,Miteda,10,0,1,Team1,laroyabo-715,demo-app,user,demo-app,38,Miteda,10,566267,1541420488099,Unnamed
5be035c8d9d40d20361a958f,"Mozilla/5.0 (Macintosh; Intel Mac OS X 10_14_1) AppleWebKit/537.36 (KHTML, like Gecko) Chrome/70.0.3538.77 Safari/537.36",8b064fb8-3a14-4f87-8c90-e2e193ae97b6,2018-10-29T06:50:38.050Z,100,38.5904534354852,-13.2460446144335,Hhohho,Balama,2,2,3,Team5,laroyabo-715,demo-app,user,demo-app,6,Balama,2,624642,1541420488099,Unnamed
5be035c8d9d40d20361a9590,"Mozilla/5.0 (Macintosh; Intel Mac OS X 10_14_1) AppleWebKit/537.36 (KHTML, like Gecko) Chrome/70.0.3538.77 Safari/537.36",df73f1b0-9e31-45d3-8edf-4cb1c21aafa7,2018-10-28T10:53:57.073Z,100,39.6433418618369,-12.2699751859511,Hhohho,Meluco,6,2,3,Team4,laroyabo-715,demo-app,user,demo-app,22,Meluco,6,696443,1541420488100,Unnamed
5be035c8d9d40d20361a9591,"Mozilla/5.0 (Macintosh; Intel Mac OS X 10_14_1) AppleWebKit/537.36 (KHTML, like Gecko) Chrome/70.0.3538.77 Safari/537.36",b5b20e8a-85b3-4204-b0f3-592a93b0dc40,2018-10-28T02:46:05.090Z,100,38.9265425258882,-11.275714556145,Hhohho,N'Gapa,9,3,0,Team5,laroyabo-715,demo-app,user,demo-app,35,N'Gapa,9,725715,1541420488103,Unnamed
5be035c8d9d40d20361a9592,"Mozilla/5.0 (Macintosh; Intel Mac OS X 10_14_1) AppleWebKit/537.36 (KHTML, like Gecko) Chrome/70.0.3538.77 Safari/537.36",5aefb765-c553-4db0-85f5-f1a397103fa1,2018-10-28T00:44:16.097Z,100,39.0738394123561,-13.5959360284024,Hhohho,Meloco,11,0,1,Team3,laroyabo-715,demo-app,user,demo-app,43,Meloco,11,733024,1541420488104,Unnamed
5be035c8d9d40d20361a9593,"Mozilla/5.0 (Macintosh; Intel Mac OS X 10_14_1) AppleWebKit/537.36 (KHTML, like Gecko) Chrome/70.0.3538.77 Safari/537.36",1518df52-be22-4bda-a836-87bfe91c79eb,2018-10-27T21:50:55.075Z,100,40.1278814052431,-12.4799254129619,Hhohho,Muaguide,6,2,3,Team2,laroyabo-715,demo-app,user,demo-app,23,Muaguide,6,743425,1541420488104,Unnamed
5be035c8d9d40d20361a9594,"Mozilla/5.0 (Macintosh; Intel Mac OS X 10_14_1) AppleWebKit/537.36 (KHTML, like Gecko) Chrome/70.0.3538.77 Safari/537.36",f59525dd-cc92-403b-bd61-ae36789408dc,2018-10-27T12:39:18.059Z,100,40.2461196376032,-13.3899299448494,Hhohho,Mazeze,3,3,0,Team1,laroyabo-715,demo-app,user,demo-app,12,Mazeze,3,776522,1541420488105,Unnamed
5be035c8d9d40d20361a9595,"Mozilla/5.0 (Macintosh; Intel Mac OS X 10_14_1) AppleWebKit/537.36 (KHTML, like Gecko) Chrome/70.0.3538.77 Safari/537.36",c6d7eb17-307c-4f78-82a8-3aa5a3f12325,2018-10-26T20:32:23.068Z,100,40.3207839334768,-12.3865501670389,Hhohho,Quissanga,4,0,1,Team2,laroyabo-715,demo-app,user,demo-app,19,Quissanga,4,834537,1541420488106,Unnamed
5be035c8d9d40d20361a9596,"Mozilla/5.0 (Macintosh; Intel Mac OS X 10_14_1) AppleWebKit/537.36 (KHTML, like Gecko) Chrome/70.0.3538.77 Safari/537.36",24bb31eb-219c-4cfc-be25-20181b7e1837,2018-10-26T19:56:02.039Z,100,39.8342841058339,-12.8550685866684,Hhohho,Ancuabe,1,2,3,Team4,laroyabo-715,demo-app,user,demo-app,1,Ancuabe,1,836718,1541420488111,Unnamed
5be035c8d9d40d20361a9597,"Mozilla/5.0 (Macintosh; Intel Mac OS X 10_14_1) AppleWebKit/537.36 (KHTML, like Gecko) Chrome/70.0.3538.77 Safari/537.36",a4e609c6-756a-41b3-bb73-6942750e09c7,2018-10-26T11:50:58.082Z,100,38.9898934040466,-13.1655561704688,Hhohho,Montepuez Cidade,8,3,0,Team4,laroyabo-715,demo-app,user,demo-app,29,Montepuez Cidade,8,865822,1541420488111,Unnamed
5be035c8d9d40d20361a9598,"Mozilla/5.0 (Macintosh; Intel Mac OS X 10_14_1) AppleWebKit/537.36 (KHTML, like Gecko) Chrome/70.0.3538.77 Safari/537.36",ef18561e-e96c-4e19-8a1b-71fcb8d6c958,2018-10-24T14:08:27.075Z,100,39.8824442595821,-12.5652947825237,Hhohho,Muaguide,6,0,1,Team3,laroyabo-715,demo-app,user,demo-app,23,Muaguide,6,1030373,1541420488112,Unnamed
5be035c8d9d40d20361a9599,"Mozilla/5.0 (Macintosh; Intel Mac OS X 10_14_1) AppleWebKit/537.36 (KHTML, like Gecko) Chrome/70.0.3538.77 Safari/537.36",0bc30235-54a0-4581-b268-735c08ef62a2,2018-10-24T12:31:20.096Z,100,38.8688875586761,-14.0642657651745,Hhohho,Machoca,11,2,3,Team4,laroyabo-715,demo-app,user,demo-app,42,Machoca,11,1036200,1541420488112,Unnamed
5be035c8d9d40d20361a959a,"Mozilla/5.0 (Macintosh; Intel Mac OS X 10_14_1) AppleWebKit/537.36 (KHTML, like Gecko) Chrome/70.0.3538.77 Safari/537.36",1b5d3ff4-3583-4e88-9953-9e8db4d3c022,2018-10-22T13:21:41.079Z,100,40.0866411419308,-11.1674603795295,Hhohho,Mocimboa Da Praia,7,0,1,Team2,laroyabo-715,demo-app,user,demo-app,26,Mocimboa Da Praia,7,1205979,1541420488112,Unnamed
5be035c8d9d40d20361a959b,"Mozilla/5.0 (Macintosh; Intel Mac OS X 10_14_1) AppleWebKit/537.36 (KHTML, like Gecko) Chrome/70.0.3538.77 Safari/537.36",107b0255-4362-4959-acdc-3509d643bea3,2018-10-21T17:44:10.065Z,100,40.432669043977,-12.236329496559,Hhohho,Mucojo,4,0,1,Team4,laroyabo-715,demo-app,user,demo-app,17,Mucojo,4,1276630,1541420488113,Unnamed
5be035c8d9d40d20361a959c,"Mozilla/5.0 (Macintosh; Intel Mac OS X 10_14_1) AppleWebKit/537.36 (KHTML, like Gecko) Chrome/70.0.3538.77 Safari/537.36",68b8705e-746e-4335-b45e-6c3ca8fa9b30,2018-10-21T15:28:03.054Z,100,38.5325192323271,-13.6249744447154,Hhohho,Kwekwe,2,0,1,Team3,laroyabo-715,demo-app,user,demo-app,8,Kwekwe,2,1284797,1541420488113,Unnamed
5be035c8d9d40d20361a959d,"Mozilla/5.0 (Macintosh; Intel Mac OS X 10_14_1) AppleWebKit/537.36 (KHTML, like Gecko) Chrome/70.0.3538.77 Safari/537.36",d4e2c88a-d4ce-4f2a-8a62-977736d5eee1,2018-10-20T10:28:14.085Z,100,39.1926930844242,-11.9223438862334,Hhohho,Chapa,9,0,1,Team2,laroyabo-715,demo-app,user,demo-app,32,Chapa,9,1389186,1541420488113,Unnamed
5be035c8d9d40d20361a959e,"Mozilla/5.0 (Macintosh; Intel Mac OS X 10_14_1) AppleWebKit/537.36 (KHTML, like Gecko) Chrome/70.0.3538.77 Safari/537.36",a5ddc528-a031-444a-b93d-81192b7b2444,2018-10-19T08:47:19.061Z,100,39.8502649326292,-13.5122197058928,Hhohho,Ocua,3,2,3,Team4,laroyabo-715,demo-app,user,demo-app,14,Ocua,3,1481641,1541420488114,Unnamed
5be035c8d9d40d20361a959f,"Mozilla/5.0 (Macintosh; Intel Mac OS X 10_14_1) AppleWebKit/537.36 (KHTML, like Gecko) Chrome/70.0.3538.77 Safari/537.36",3ee238c8-bb49-46cb-89ac-97f5bc67a6bc,2018-10-18T13:11:14.067Z,100,40.5819114596376,-12.3681062485699,Hhohho,Quirimba,4,3,0,Team4,laroyabo-715,demo-app,user,demo-app,18,Quirimba,4,1552206,1541420488114,Unnamed
5be035c8d9d40d20361a95a0,"Mozilla/5.0 (Macintosh; Intel Mac OS X 10_14_1) AppleWebKit/537.36 (KHTML, like Gecko) Chrome/70.0.3538.77 Safari/537.36",fb34843b-68b7-4771-9cc3-a0ca62d3e240,2018-10-15T14:22:49.077Z,100,40.1376133622346,-11.7138741484296,Shiselweni,Mbau,7,2,3,Team2,laroyabo-715,demo-app,user,demo-app,25,Mbau,7,1807111,1541420488115,Unnamed
5be035c8d9d40d20361a95a1,"Mozilla/5.0 (Macintosh; Intel Mac OS X 10_14_1) AppleWebKit/537.36 (KHTML, like Gecko) Chrome/70.0.3538.77 Safari/537.36",d9cb0071-bf2a-4a77-8425-dd280e47c4db,2018-10-15T13:03:50.063Z,100,39.9164686278939,-12.1441614477043,Shiselweni,Macomia-Sede,4,3,0,Team1,laroyabo-715,demo-app,user,demo-app,16,Macomia-Sede,4,1811850,1541420488115,Unnamed
5be035c8d9d40d20361a95a2,"Mozilla/5.0 (Macintosh; Intel Mac OS X 10_14_1) AppleWebKit/537.36 (KHTML, like Gecko) Chrome/70.0.3538.77 Safari/537.36",45cb0c3f-c75f-4570-959e-df4d721c4d40,2018-10-15T09:16:34.084Z,100,38.2193958930816,-13.1013011222569,Shiselweni,Nairoto,8,0,1,Team3,laroyabo-715,demo-app,user,demo-app,30,Nairoto,8,1825486,1541420488115,Unnamed
5be035c8d9d40d20361a95a3,"Mozilla/5.0 (Macintosh; Intel Mac OS X 10_14_1) AppleWebKit/537.36 (KHTML, like Gecko) Chrome/70.0.3538.77 Safari/537.36",bc988d84-e3b3-4f12-8464-ec5d7493c60a,2018-10-15T03:33:11.050Z,100,38.5669729346472,-13.3157645698609,Shiselweni,Balama,2,2,3,Team3,laroyabo-715,demo-app,user,demo-app,6,Balama,2,1846089,1541420488116,Unnamed
5be035c8d9d40d20361a95a4,"Mozilla/5.0 (Macintosh; Intel Mac OS X 10_14_1) AppleWebKit/537.36 (KHTML, like Gecko) Chrome/70.0.3538.77 Safari/537.36",6a14692d-cc11-463e-983c-d5d14cd9d6ce,2018-10-14T04:25:58.097Z,100,38.872636642036,-13.8677293279358,Shiselweni,Machoca,11,0,1,Team2,laroyabo-715,demo-app,user,demo-app,42,Machoca,11,1929322,1541420488116,Unnamed
5be035c8d9d40d20361a95a5,"Mozilla/5.0 (Macintosh; Intel Mac OS X 10_14_1) AppleWebKit/537.36 (KHTML, like Gecko) Chrome/70.0.3538.77 Safari/537.36",330f1705-2600-4c1d-b223-4c6e528388e9,2018-10-13T19:16:47.076Z,100,40.1677363745587,-11.6490987329786,Shiselweni,Mbau,7,3,0,Team2,laroyabo-715,demo-app,user,demo-app,25,Mbau,7,1962273,1541420488117,Unnamed
5be035c8d9d40d20361a95a6,"Mozilla/5.0 (Macintosh; Intel Mac OS X 10_14_1) AppleWebKit/537.36 (KHTML, like Gecko) Chrome/70.0.3538.77 Safari/537.36",b20d5b2a-c4b1-48e8-8e80-4ba558ac2561,2018-10-13T05:36:21.087Z,100,39.8073598306511,-11.5091028252941,Shiselweni,Imbuho,9,3,0,Team3,laroyabo-715,demo-app,user,demo-app,33,Imbuho,9,2011499,1541420488117,Unnamed
5be035c8d9d40d20361a95a7,"Mozilla/5.0 (Macintosh; Intel Mac OS X 10_14_1) AppleWebKit/537.36 (KHTML, like Gecko) Chrome/70.0.3538.77 Safari/537.36",0d85a093-297d-4a9a-a0a3-561ed1446a6b,2018-10-11T14:21:27.042Z,100,39.8869078708097,-12.8459749580201,Shiselweni,Ancuabe,1,3,0,Team4,laroyabo-715,demo-app,user,demo-app,1,Ancuabe,1,2152793,1541420488117,Unnamed
5be035c8d9d40d20361a95a8,"Mozilla/5.0 (Macintosh; Intel Mac OS X 10_14_1) AppleWebKit/537.36 (KHTML, like Gecko) Chrome/70.0.3538.77 Safari/537.36",2da99506-61ef-4df3-bf6e-6a9a0eb2450d,2018-10-10T22:55:51.062Z,100,40.1589603340249,-11.8091697037311,Shiselweni,Chai,4,3,0,Team2,laroyabo-715,demo-app,user,demo-app,15,Chai,4,2208329,1541420488118,Unnamed
5be035c8d9d40d20361a95a9,"Mozilla/5.0 (Macintosh; Intel Mac OS X 10_14_1) AppleWebKit/537.36 (KHTML, like Gecko) Chrome/70.0.3538.77 Safari/537.36",6614228c-fc62-4c1c-9aff-586c7030e46e,2018-10-10T17:35:12.104Z,100,39.8763277694485,-11.3279020521452,Shiselweni,Ntamba,12,2,3,Team3,laroyabo-715,demo-app,user,demo-app,47,Ntamba,12,2227568,1541420488118,Unnamed
5be035c8d9d40d20361a95aa,"Mozilla/5.0 (Macintosh; Intel Mac OS X 10_14_1) AppleWebKit/537.36 (KHTML, like Gecko) Chrome/70.0.3538.77 Safari/537.36",77c3f3ff-eba1-4a75-8352-fdf997c0d184,2018-10-08T22:19:42.089Z,100,39.5137246566252,-11.543794074566,Shiselweni,Mueda-Sede,9,2,3,Team3,laroyabo-715,demo-app,user,demo-app,34,Mueda-Sede,9,2383298,1541420488118,Unnamed
5be035c8d9d40d20361a95ab,"Mozilla/5.0 (Macintosh; Intel Mac OS X 10_14_1) AppleWebKit/537.36 (KHTML, like Gecko) Chrome/70.0.3538.77 Safari/537.36",6db1d856-69eb-4719-96e1-ccaecc483daf,2018-10-08T02:00:58.048Z,100,40.2819464074135,-13.1599496346746,Shiselweni,Murrebue,1,0,1,Team5,laroyabo-715,demo-app,user,demo-app,5,Murrebue,1,2456422,1541420488119,Unnamed
5be035c8d9d40d20361a95ac,"Mozilla/5.0 (Macintosh; Intel Mac OS X 10_14_1) AppleWebKit/537.36 (KHTML, like Gecko) Chrome/70.0.3538.77 Safari/537.36",d72176be-535d-4328-9f2e-5caac4500027,2018-10-07T02:18:40.059Z,100,39.4044803887469,-13.6194559382317,Shiselweni,Namogelia,3,0,1,Team1,laroyabo-715,demo-app,user,demo-app,13,Namogelia,3,2541760,1541420488119,Unnamed
5be035c8d9d40d20361a95ad,"Mozilla/5.0 (Macintosh; Intel Mac OS X 10_14_1) AppleWebKit/537.36 (KHTML, like Gecko) Chrome/70.0.3538.77 Safari/537.36",195c652d-4fee-4f35-a1a7-195da20c4163,2018-10-07T01:53:54.065Z,100,40.0448572650616,-12.2226650365854,Shiselweni,Macomia-Sede,4,2,3,Team4,laroyabo-715,demo-app,user,demo-app,16,Macomia-Sede,4,2543246,1541420488120,Unnamed
5be035c8d9d40d20361a95ae,"Mozilla/5.0 (Macintosh; Intel Mac OS X 10_14_1) AppleWebKit/537.36 (KHTML, like Gecko) Chrome/70.0.3538.77 Safari/537.36",95c2afd1-54b2-4edf-bbf2-46cc0e5c9845,2018-10-07T00:29:26.072Z,100,40.4592332624321,-13.3665255350737,Shiselweni,Mecufi,5,2,3,Team2,laroyabo-715,demo-app,user,demo-app,21,Mecufi,5,2548314,1541420488120,Unnamed
5be035c8d9d40d20361a95af,"Mozilla/5.0 (Macintosh; Intel Mac OS X 10_14_1) AppleWebKit/537.36 (KHTML, like Gecko) Chrome/70.0.3538.77 Safari/537.36",0a571d99-342c-445f-87e0-bdc2086aa447,2018-10-06T13:43:16.092Z,100,39.6553960969091,-11.8587556519448,Shiselweni,Miteda,10,2,3,Team4,laroyabo-715,demo-app,user,demo-app,38,Miteda,10,2587084,1541420488120,Unnamed
5be035c8d9d40d20361a95b0,"Mozilla/5.0 (Macintosh; Intel Mac OS X 10_14_1) AppleWebKit/537.36 (KHTML, like Gecko) Chrome/70.0.3538.77 Safari/537.36",787adf7b-2117-4bfb-a050-9c454c0621bf,2018-10-06T12:36:37.081Z,100,38.94526652073,-12.769632997742,Shiselweni,Mirate,8,3,0,Team4,laroyabo-715,demo-app,user,demo-app,27,Mirate,8,2591083,1541420488121,Unnamed
5be035c8d9d40d20361a95b1,"Mozilla/5.0 (Macintosh; Intel Mac OS X 10_14_1) AppleWebKit/537.36 (KHTML, like Gecko) Chrome/70.0.3538.77 Safari/537.36",59a1d6cf-6a7c-4997-95bd-87047446656d,2018-10-05T08:37:07.105Z,100,40.3747356557985,-10.9848149822517,Shiselweni,Olumbe,13,2,3,Team5,laroyabo-715,demo-app,user,demo-app,48,Olumbe,13,2691853,1541420488121,Unnamed
5be035c8d9d40d20361a95b2,"Mozilla/5.0 (Macintosh; Intel Mac OS X 10_14_1) AppleWebKit/537.36 (KHTML, like Gecko) Chrome/70.0.3538.77 Safari/537.36",9ec05c43-a028-44af-bfef-f3156f27a82e,2018-10-05T06:02:46.062Z,100,40.0379551302341,-12.075305720491,Shiselweni,Chai,4,3,0,Team3,laroyabo-715,demo-app,user,demo-app,15,Chai,4,2701114,1541420488122,Unnamed
5be035c8d9d40d20361a95b3,"Mozilla/5.0 (Macintosh; Intel Mac OS X 10_14_1) AppleWebKit/537.36 (KHTML, like Gecko) Chrome/70.0.3538.77 Safari/537.36",e03f534d-a2ee-42e7-bdf7-585ac94bbff6,2018-10-03T17:29:34.052Z,100,38.4067853798709,-13.3804909104563,Shiselweni,Impiri,2,0,1,Team4,laroyabo-715,demo-app,user,demo-app,7,Impiri,2,2832706,1541420488122,Unnamed
5be035c8d9d40d20361a95b4,"Mozilla/5.0 (Macintosh; Intel Mac OS X 10_14_1) AppleWebKit/537.36 (KHTML, like Gecko) Chrome/70.0.3538.77 Safari/537.36",e55033dd-3b99-4d40-8e31-1d247ef9a037,2018-10-03T16:10:56.106Z,100,40.5212597936174,-10.6723525972534,Shiselweni,Palma,13,0,1,Team5,laroyabo-715,demo-app,user,demo-app,49,Palma,13,2837424,1541420488122,Unnamed
5be035c8d9d40d20361a95b5,"Mozilla/5.0 (Macintosh; Intel Mac OS X 10_14_1) AppleWebKit/537.36 (KHTML, like Gecko) Chrome/70.0.3538.77 Safari/537.36",1abca39c-a00e-4106-a177-dd57de8d1321,2018-10-03T02:03:55.102Z,100,38.5542811938253,-13.7288937616135,Shiselweni,Ncumpe,11,2,3,Team2,laroyabo-715,demo-app,user,demo-app,45,Ncumpe,11,2888245,1541420488123,Unnamed
5be035c8d9d40d20361a95b6,"Mozilla/5.0 (Macintosh; Intel Mac OS X 10_14_1) AppleWebKit/537.36 (KHTML, like Gecko) Chrome/70.0.3538.77 Safari/537.36",1a934617-396a-4988-bf2b-5346bc99d925,2018-10-02T10:55:01.090Z,100,38.8529407268287,-11.5353488005927,Shiselweni,Negomano,9,2,3,Team4,laroyabo-715,demo-app,user,demo-app,36,Negomano,9,2942779,1541420488123,Unnamed
5be035c8d9d40d20361a95b7,"Mozilla/5.0 (Macintosh; Intel Mac OS X 10_14_1) AppleWebKit/537.36 (KHTML, like Gecko) Chrome/70.0.3538.77 Safari/537.36",d44a322e-07a1-4272-97fa-280de58da78c,2018-10-01T22:50:15.068Z,100,40.3498828282514,-12.3795884678586,Shiselweni,Quissanga,4,2,3,Team5,laroyabo-715,demo-app,user,demo-app,19,Quissanga,4,2986265,1541420488124,Unnamed
5be035c8d9d40d20361a95b8,"Mozilla/5.0 (Macintosh; Intel Mac OS X 10_14_1) AppleWebKit/537.36 (KHTML, like Gecko) Chrome/70.0.3538.77 Safari/537.36",74d4277e-ba3f-4325-a338-205ef2ab7b48,2018-09-30T06:57:06.083Z,100,39.0060939047487,-13.1929700109315,Shiselweni,Montepuez Cidade,8,2,3,Team4,laroyabo-715,demo-app,user,demo-app,29,Montepuez Cidade,8,3129854,1541420488124,Unnamed
5be035c8d9d40d20361a95b9,"Mozilla/5.0 (Macintosh; Intel Mac OS X 10_14_1) AppleWebKit/537.36 (KHTML, like Gecko) Chrome/70.0.3538.77 Safari/537.36",f6becf05-500d-4365-9e2e-187a4388ddd1,2018-09-29T16:16:25.047Z,100,39.4007832174349,-12.877969689963,Shiselweni,Meza,1,2,3,Team2,laroyabo-715,demo-app,user,demo-app,4,Meza,1,3182695,1541420488124,Unnamed
5be035c8d9d40d20361a95ba,"Mozilla/5.0 (Macintosh; Intel Mac OS X 10_14_1) AppleWebKit/537.36 (KHTML, like Gecko) Chrome/70.0.3538.77 Safari/537.36",b5d43d58-dcc2-4ec2-80cb-4d36e5200f6c,2018-09-28T02:19:07.098Z,100,39.2578733681553,-13.6897865830774,Shiselweni,Meloco,11,2,3,Team5,laroyabo-715,demo-app,user,demo-app,43,Meloco,11,3319333,1541420488125,Unnamed
5be035c8d9d40d20361a95bb,"Mozilla/5.0 (Macintosh; Intel Mac OS X 10_14_1) AppleWebKit/537.36 (KHTML, like Gecko) Chrome/70.0.3538.77 Safari/537.36",f49e5322-efbc-457b-9747-8695bbd4032b,2018-09-27T18:29:59.080Z,100,38.8506790790344,-12.7747114133083,Shiselweni,Mirate,8,2,3,Team5,laroyabo-715,demo-app,user,demo-app,27,Mirate,8,3347481,1541420488125,Unnamed
5be035c8d9d40d20361a95bc,"Mozilla/5.0 (Macintosh; Intel Mac OS X 10_14_1) AppleWebKit/537.36 (KHTML, like Gecko) Chrome/70.0.3538.77 Safari/537.36",5b4434e6-3f55-463b-aa94-3521e4013018,2018-09-27T14:39:14.103Z,100,39.9339321371639,-11.2035169169752,Shiselweni,Ntamba,12,2,3,Team5,laroyabo-715,demo-app,user,demo-app,47,Ntamba,12,3361326,1541420488126,Unnamed
5be035c8d9d40d20361a95bd,"Mozilla/5.0 (Macintosh; Intel Mac OS X 10_14_1) AppleWebKit/537.36 (KHTML, like Gecko) Chrome/70.0.3538.77 Safari/537.36",ae4f4f10-69f3-48ba-9b27-b286f34db1d9,2018-09-27T02:26:43.078Z,100,40.3278178872656,-11.4350325929987,Shiselweni,Mocimboa Da Praia,7,2,3,Team5,laroyabo-715,demo-app,user,demo-app,26,Mocimboa Da Praia,7,3405277,1541420488126,Unnamed
5be035c8d9d40d20361a95be,"Mozilla/5.0 (Macintosh; Intel Mac OS X 10_14_1) AppleWebKit/537.36 (KHTML, like Gecko) Chrome/70.0.3538.77 Safari/537.36",ed303665-8065-4314-9e95-da0507203785,2018-09-26T21:26:05.056Z,100,38.3866712384912,-13.0033665182821,Manzini,Mavala,2,3,0,Team2,laroyabo-715,demo-app,user,demo-app,9,Mavala,2,3423315,1541420488126,Unnamed
5be035c8d9d40d20361a95bf,"Mozilla/5.0 (Macintosh; Intel Mac OS X 10_14_1) AppleWebKit/537.36 (KHTML, like Gecko) Chrome/70.0.3538.77 Safari/537.36",3e9dd37e-6a9b-4fa7-9937-a64089c6f312,2018-09-26T20:24:27.067Z,100,40.5785060721075,-12.3618334824627,Manzini,Quirimba,4,0,1,Team4,laroyabo-715,demo-app,user,demo-app,18,Quirimba,4,3427013,1541420488127,Unnamed
5be035c8d9d40d20361a95c0,"Mozilla/5.0 (Macintosh; Intel Mac OS X 10_14_1) AppleWebKit/537.36 (KHTML, like Gecko) Chrome/70.0.3538.77 Safari/537.36",cb70ecaa-3636-438e-8f1d-ab427ce72119,2018-09-25T20:37:42.070Z,100,40.3359269986904,-11.6795425117494,Manzini,Quiterajo,4,2,3,Team1,laroyabo-715,demo-app,user,demo-app,20,Quiterajo,4,3512618,1541420488127,Unnamed
5be035c8d9d40d20361a95c1,"Mozilla/5.0 (Macintosh; Intel Mac OS X 10_14_1) AppleWebKit/537.36 (KHTML, like Gecko) Chrome/70.0.3538.77 Safari/537.36",36fcf19a-555a-4d7b-95c1-d5104e42ded4,2018-09-25T14:10:26.103Z,100,39.7794739222346,-11.2580408664316,Manzini,Ntamba,12,2,3,Team1,laroyabo-715,demo-app,user,demo-app,47,Ntamba,12,3535854,1541420488128,Unnamed
5be035c8d9d40d20361a95c2,"Mozilla/5.0 (Macintosh; Intel Mac OS X 10_14_1) AppleWebKit/537.36 (KHTML, like Gecko) Chrome/70.0.3538.77 Safari/537.36",2bc61582-722f-4c4e-8fdf-0ace2de805c4,2018-09-25T11:48:10.047Z,100,39.5606599835637,-13.0846102816817,Manzini,Meza,1,3,0,Team4,laroyabo-715,demo-app,user,demo-app,4,Meza,1,3544390,1541420488128,Unnamed
5be035c8d9d40d20361a95c3,"Mozilla/5.0 (Macintosh; Intel Mac OS X 10_14_1) AppleWebKit/537.36 (KHTML, like Gecko) Chrome/70.0.3538.77 Safari/537.36",ea6ec018-d526-49a7-ac4a-78e6bf68d270,2018-09-25T00:42:31.107Z,100,39.9784204615134,-10.8995324548483,Manzini,Pundanhar,13,2,3,Team4,laroyabo-715,demo-app,user,demo-app,50,Pundanhar,13,3584329,1541420488128,Unnamed
5be035c8d9d40d20361a95c4,"Mozilla/5.0 (Macintosh; Intel Mac OS X 10_14_1) AppleWebKit/537.36 (KHTML, like Gecko) Chrome/70.0.3538.77 Safari/537.36",5a271a4a-d737-4e0a-be2a-193f8200be65,2018-09-24T23:37:23.081Z,100,38.9240091941706,-13.3532683031434,Manzini,Montepuez Cidade (Sede),8,3,0,Team2,laroyabo-715,demo-app,user,demo-app,28,Montepuez Cidade (Sede),8,3588237,1541420488129,Unnamed
5be035c8d9d40d20361a95c5,"Mozilla/5.0 (Macintosh; Intel Mac OS X 10_14_1) AppleWebKit/537.36 (KHTML, like Gecko) Chrome/70.0.3538.77 Safari/537.36",1b5f7ae6-5e18-43e5-bdaa-2b0261eb9da3,2018-09-24T21:21:38.086Z,100,39.6876183078389,-11.5565350958693,Manzini,Imbuho,9,3,0,Team1,laroyabo-715,demo-app,user,demo-app,33,Imbuho,9,3596382,1541420488129,Unnamed
5be035c8d9d40d20361a95c6,"Mozilla/5.0 (Macintosh; Intel Mac OS X 10_14_1) AppleWebKit/537.36 (KHTML, like Gecko) Chrome/70.0.3538.77 Safari/537.36",87ebc69e-b67d-465a-a84d-682d1b259741,2018-09-24T15:10:20.101Z,100,38.7470674672738,-13.7117115105356,Manzini,Ncumpe,11,0,1,Team3,laroyabo-715,demo-app,user,demo-app,45,Ncumpe,11,3618660,1541420488129,Unnamed
5be035c8d9d40d20361a95c7,"Mozilla/5.0 (Macintosh; Intel Mac OS X 10_14_1) AppleWebKit/537.36 (KHTML, like Gecko) Chrome/70.0.3538.77 Safari/537.36",587a8b2b-6ee0-485a-ad25-5974c8528d66,2018-09-23T09:54:38.088Z,100,39.4439297016426,-11.5717110838802,Manzini,Mueda-Sede,9,2,3,Team5,laroyabo-715,demo-app,user,demo-app,34,Mueda-Sede,9,3724002,1541420488130,Unnamed
5be035c8d9d40d20361a95c8,"Mozilla/5.0 (Macintosh; Intel Mac OS X 10_14_1) AppleWebKit/537.36 (KHTML, like Gecko) Chrome/70.0.3538.77 Safari/537.36",e4168398-2dbb-4419-9c26-2feec21372e5,2018-09-23T07:53:05.065Z,100,40.2413736992054,-12.2991333083418,Manzini,Macomia-Sede,4,0,1,Team3,laroyabo-715,demo-app,user,demo-app,16,Macomia-Sede,4,3731295,1541420488130,Unnamed
5be035c8d9d40d20361a95c9,"Mozilla/5.0 (Macintosh; Intel Mac OS X 10_14_1) AppleWebKit/537.36 (KHTML, like Gecko) Chrome/70.0.3538.77 Safari/537.36",c2db702d-1147-4696-84a0-89f9132edfb0,2018-09-21T05:52:01.106Z,100,40.3878608140124,-10.782006460925,Manzini,Palma,13,0,1,Team3,laroyabo-715,demo-app,user,demo-app,49,Palma,13,3911359,1541420488131,Unnamed
5be035c8d9d40d20361a95ca,"Mozilla/5.0 (Macintosh; Intel Mac OS X 10_14_1) AppleWebKit/537.36 (KHTML, like Gecko) Chrome/70.0.3538.77 Safari/537.36",3a57f9ac-b2c0-48cc-af01-931c688faba5,2018-09-20T22:24:37.093Z,100,39.8033479461681,-11.7019716173976,Manzini,Muidumbe,10,0,1,Team1,laroyabo-715,demo-app,user,demo-app,39,Muidumbe,10,3938203,1541420488131,Unnamed
5be035c8d9d40d20361a95cb,"Mozilla/5.0 (Macintosh; Intel Mac OS X 10_14_1) AppleWebKit/537.36 (KHTML, like Gecko) Chrome/70.0.3538.77 Safari/537.36",57c7b888-d520-4e3c-a0e5-885d92c16650,2018-09-20T13:46:55.043Z,100,40.0575352945299,-12.9680666037038,Manzini,Ancuabe,1,3,0,Team5,laroyabo-715,demo-app,user,demo-app,1,Ancuabe,1,3969265,1541420488131,Unnamed
5be035c8d9d40d20361a95cc,"Mozilla/5.0 (Macintosh; Intel Mac OS X 10_14_1) AppleWebKit/537.36 (KHTML, like Gecko) Chrome/70.0.3538.77 Safari/537.36",10ef37dc-7ab7-40e5-b3ff-b96e861c2d8e,2018-09-20T08:35:40.054Z,100,38.4586133283298,-13.7764082990701,Manzini,Kwekwe,2,2,3,Team5,laroyabo-715,demo-app,user,demo-app,8,Kwekwe,2,3987940,1541420488132,Unnamed
5be035c8d9d40d20361a95cd,"Mozilla/5.0 (Macintosh; Intel Mac OS X 10_14_1) AppleWebKit/537.36 (KHTML, like Gecko) Chrome/70.0.3538.77 Safari/537.36",890eb7b0-98e1-4402-b34f-10a2535c0d12,2018-09-20T03:30:52.085Z,100,39.2631284351022,-12.8926325794539,Manzini,Namanhumbir,8,0,1,Team2,laroyabo-715,demo-app,user,demo-app,31,Namanhumbir,8,4006228,1541420488132,Unnamed
5be035c8d9d40d20361a95ce,"Mozilla/5.0 (Macintosh; Intel Mac OS X 10_14_1) AppleWebKit/537.36 (KHTML, like Gecko) Chrome/70.0.3538.77 Safari/537.36",f5282878-040a-474d-9045-846cfa64315e,2018-09-19T06:48:41.053Z,100,38.3334851138912,-13.3782997554316,Manzini,Impiri,2,2,3,Team5,laroyabo-715,demo-app,user,demo-app,7,Impiri,2,4080759,1541420488133,Unnamed
5be035c8d9d40d20361a95cf,"Mozilla/5.0 (Macintosh; Intel Mac OS X 10_14_1) AppleWebKit/537.36 (KHTML, like Gecko) Chrome/70.0.3538.77 Safari/537.36",5d60cdf1-0f49-4fb8-8c2b-a31987e7130c,2018-09-18T23:40:09.072Z,100,40.4113384803371,-13.2549595502239,Manzini,Mecufi,5,3,0,Team1,laroyabo-715,demo-app,user,demo-app,21,Mecufi,5,4106471,1541420488133,Unnamed
5be035c8d9d40d20361a95d0,"Mozilla/5.0 (Macintosh; Intel Mac OS X 10_14_1) AppleWebKit/537.36 (KHTML, like Gecko) Chrome/70.0.3538.77 Safari/537.36",bfca588f-4fc3-4708-b26e-2b395b536a6e,2018-09-18T15:59:50.043Z,100,39.8135107298785,-13.3326248354826,Manzini,Chiure-Sede,1,2,3,Team2,laroyabo-715,demo-app,user,demo-app,2,Chiure-Sede,1,4134090,1541420488133,Unnamed
5be035c8d9d40d20361a95d1,"Mozilla/5.0 (Macintosh; Intel Mac OS X 10_14_1) AppleWebKit/537.36 (KHTML, like Gecko) Chrome/70.0.3538.77 Safari/537.36",a540c09b-6410-4906-b567-c8ac46329022,2018-09-18T14:38:09.061Z,100,39.7691691528944,-13.6265613725988,Manzini,Ocua,3,0,1,Team4,laroyabo-715,demo-app,user,demo-app,14,Ocua,3,4138991,1541420488139,Unnamed
5be035c8d9d40d20361a95d2,"Mozilla/5.0 (Macintosh; Intel Mac OS X 10_14_1) AppleWebKit/537.36 (KHTML, like Gecko) Chrome/70.0.3538.77 Safari/537.36",91bb600e-625f-44b8-8390-589781eb6225,2018-09-16T12:14:16.065Z,100,40.4156982285025,-11.9280225257141,Manzini,Mucojo,4,0,1,Team2,laroyabo-715,demo-app,user,demo-app,17,Mucojo,4,4320424,1541420488140,Unnamed
5be035c8d9d40d20361a95d3,"Mozilla/5.0 (Macintosh; Intel Mac OS X 10_14_1) AppleWebKit/537.36 (KHTML, like Gecko) Chrome/70.0.3538.77 Safari/537.36",69e7e70f-ac3c-40e3-8553-a9a7937f4747,2018-09-15T21:54:55.096Z,100,38.8355224606128,-13.9374836786029,Manzini,Machoca,11,2,3,Team2,laroyabo-715,demo-app,user,demo-app,42,Machoca,11,4371985,1541420488141,Unnamed
5be035c8d9d40d20361a95d4,"Mozilla/5.0 (Macintosh; Intel Mac OS X 10_14_1) AppleWebKit/537.36 (KHTML, like Gecko) Chrome/70.0.3538.77 Safari/537.36",e8f1f069-208f-4a31-84e0-46169ecb839b,2018-09-15T21:07:15.045Z,100,40.1294541701505,-13.0596956030001,Manzini,Metoro,1,0,1,Team4,laroyabo-715,demo-app,user,demo-app,3,Metoro,1,4374845,1541420488145,Unnamed
5be035c8d9d40d20361a95d5,"Mozilla/5.0 (Macintosh; Intel Mac OS X 10_14_1) AppleWebKit/537.36 (KHTML, like Gecko) Chrome/70.0.3538.77 Safari/537.36",e7b42e8a-e7a9-496f-b31b-446a2563330b,2018-09-15T18:12:55.059Z,100,39.4201044466644,-13.6471383574522,Manzini,Namogelia,3,2,3,Team3,laroyabo-715,demo-app,user,demo-app,13,Namogelia,3,4385305,1541420488146,Unnamed
5be035c8d9d40d20361a95d6,"Mozilla/5.0 (Macintosh; Intel Mac OS X 10_14_1) AppleWebKit/537.36 (KHTML, like Gecko) Chrome/70.0.3538.77 Safari/537.36",8e4632c0-15cb-450b-8afb-00a1835bff5e,2018-09-15T02:41:41.091Z,100,38.4382158122379,-11.5890842071437,Manzini,Negomano,9,2,3,Team4,laroyabo-715,demo-app,user,demo-app,36,Negomano,9,4441179,1541420488147,Unnamed
5be035c8d9d40d20361a95d7,"Mozilla/5.0 (Macintosh; Intel Mac OS X 10_14_1) AppleWebKit/537.36 (KHTML, like Gecko) Chrome/70.0.3538.77 Safari/537.36",b9f5e5e1-344e-45be-8758-48b2ed21ce14,2018-09-15T00:16:42.091Z,100,40.0067562087709,-11.6968097674242,Manzini,Chitunda,10,0,1,Team4,laroyabo-715,demo-app,user,demo-app,37,Chitunda,10,4449878,1541420488148,Unnamed
5be035c8d9d40d20361a95d8,"Mozilla/5.0 (Macintosh; Intel Mac OS X 10_14_1) AppleWebKit/537.36 (KHTML, like Gecko) Chrome/70.0.3538.77 Safari/537.36",b8207aa6-8b88-4247-9fe0-7ad00c6c9a38,2018-09-13T20:28:09.057Z,100,39.3760163001836,-13.502226388326,Manzini,Katapua,3,3,0,Team4,laroyabo-715,demo-app,user,demo-app,11,Katapua,3,4549991,1541420488148,Unnamed
5be035c8d9d40d20361a95d9,"Mozilla/5.0 (Macintosh; Intel Mac OS X 10_14_1) AppleWebKit/537.36 (KHTML, like Gecko) Chrome/70.0.3538.77 Safari/537.36",970b7a0e-45e0-4837-9774-4d1d6c946d02,2018-09-13T11:52:14.101Z,100,38.6968275038852,-13.6849913148454,Manzini,Ncumpe,11,3,0,Team3,laroyabo-715,demo-app,user,demo-app,45,Ncumpe,11,4580946,1541420488148,Unnamed
5be035c8d9d40d20361a95da,"Mozilla/5.0 (Macintosh; Intel Mac OS X 10_14_1) AppleWebKit/537.36 (KHTML, like Gecko) Chrome/70.0.3538.77 Safari/537.36",8943b0d1-a460-4844-acbb-16a0361b1356,2018-09-12T22:57:59.057Z,100,39.9287360775218,-13.2455198129963,Manzini,Chiure Velho,3,0,1,Team2,laroyabo-715,demo-app,user,demo-app,10,Chiure Velho,3,4627401,1541420488149,Unnamed
5be035c8d9d40d20361a95db,"Mozilla/5.0 (Macintosh; Intel Mac OS X 10_14_1) AppleWebKit/537.36 (KHTML, like Gecko) Chrome/70.0.3538.77 Safari/537.36",a92c3447-25fd-4240-bcdb-3b937f0101bc,2018-09-12T08:13:21.067Z,100,40.6061086849498,-12.414211609006,Manzini,Quirimba,4,2,3,Team2,laroyabo-715,demo-app,user,demo-app,18,Quirimba,4,4680479,1541420488149,Unnamed
5be035c8d9d40d20361a95dc,"Mozilla/5.0 (Macintosh; Intel Mac OS X 10_14_1) AppleWebKit/537.36 (KHTML, like Gecko) Chrome/70.0.3538.77 Safari/537.36",6c9d8427-3a0c-4884-829a-836507e29576,2018-09-11T21:23:06.056Z,100,40.0037322618609,-13.2901751575238,Manzini,Chiure Velho,3,3,0,Team5,laroyabo-715,demo-app,user,demo-app,10,Chiure Velho,3,4719494,1541420488149,Unnamed
5be035c8d9d40d20361a95dd,"Mozilla/5.0 (Macintosh; Intel Mac OS X 10_14_1) AppleWebKit/537.36 (KHTML, like Gecko) Chrome/70.0.3538.77 Safari/537.36",d4b947f7-6be6-47b5-a66d-fd7cb5c2467e,2018-09-09T22:32:53.106Z,100,40.3375385978016,-10.7406768778934,Manzini,Palma,13,2,3,Team5,laroyabo-715,demo-app,user,demo-app,49,Palma,13,4888107,1541420488150,Unnamed
5be035c8d9d40d20361a95de,"Mozilla/5.0 (Macintosh; Intel Mac OS X 10_14_1) AppleWebKit/537.36 (KHTML, like Gecko) Chrome/70.0.3538.77 Safari/537.36",97f518bd-a1ee-4d42-be8d-931d728f2200,2018-09-09T20:40:49.103Z,100,39.9280921452034,-11.1792861093213,Manzini,Ntamba,12,0,1,Team4,laroyabo-715,demo-app,user,demo-app,47,Ntamba,12,4894831,1541420488150,Unnamed
5be035c8d9d40d20361a95df,"Mozilla/5.0 (Macintosh; Intel Mac OS X 10_14_1) AppleWebKit/537.36 (KHTML, like Gecko) Chrome/70.0.3538.77 Safari/537.36",9c58888c-6453-4776-aede-2618de48fd31,2018-09-09T17:07:48.089Z,100,39.4661006639036,-11.2357148394077,Manzini,N'Gapa,9,0,1,Team2,laroyabo-715,demo-app,user,demo-app,35,N'Gapa,9,4907612,1541420488151,Unnamed
5be035c8d9d40d20361a95e0,"Mozilla/5.0 (Macintosh; Intel Mac OS X 10_14_1) AppleWebKit/537.36 (KHTML, like Gecko) Chrome/70.0.3538.77 Safari/537.36",d304a6d5-9319-4272-9b5b-a02d6143824b,2018-09-08T22:17:54.053Z,100,38.1901224429827,-13.356572323738,Manzini,Impiri,2,3,0,Team5,laroyabo-715,demo-app,user,demo-app,7,Impiri,2,4975406,1541420488151,Unnamed
5be035c8d9d40d20361a95e1,"Mozilla/5.0 (Macintosh; Intel Mac OS X 10_14_1) AppleWebKit/537.36 (KHTML, like Gecko) Chrome/70.0.3538.77 Safari/537.36",365d35a8-1e57-46a2-82c2-2ae46514eace,2018-09-08T15:04:58.100Z,100,38.630863794281,-13.6083512113666,Manzini,Namuno-Sede,11,2,3,Team2,laroyabo-715,demo-app,user,demo-app,44,Namuno-Sede,11,5001382,1541420488151,Unnamed
5be035c8d9d40d20361a95e2,"Mozilla/5.0 (Macintosh; Intel Mac OS X 10_14_1) AppleWebKit/537.36 (KHTML, like Gecko) Chrome/70.0.3538.77 Safari/537.36",066984a4-3d63-48ee-bef2-24348f179848,2018-09-07T23:29:04.102Z,100,39.700733878379,-11.0006622779749,Manzini,Nangade,12,3,0,Team4,laroyabo-715,demo-app,user,demo-app,46,Nangade,12,5057536,1541420488152,Unnamed
5be035c8d9d40d20361a95e3,"Mozilla/5.0 (Macintosh; Intel Mac OS X 10_14_1) AppleWebKit/537.36 (KHTML, like Gecko) Chrome/70.0.3538.77 Safari/537.36",715860a6-3e0d-4d4c-a2be-e82b3b98121c,2018-09-07T13:42:52.084Z,100,39.3603781528687,-13.0772116335662,Manzini,Namanhumbir,8,0,1,Team2,laroyabo-715,demo-app,user,demo-app,31,Namanhumbir,8,5092708,1541420488152,Unnamed
5be035c8d9d40d20361a95e4,"Mozilla/5.0 (Macintosh; Intel Mac OS X 10_14_1) AppleWebKit/537.36 (KHTML, like Gecko) Chrome/70.0.3538.77 Safari/537.36",7e77518d-925b-43fc-a6c7-3de3ff4e75ea,2018-09-07T09:52:13.079Z,100,40.1661208555661,-11.4406530240897,Manzini,Mocimboa Da Praia,7,3,0,Team5,laroyabo-715,demo-app,user,demo-app,26,Mocimboa Da Praia,7,5106547,1541420488152,Unnamed
5be035c9d9d40d20361a95e5,"Mozilla/5.0 (Macintosh; Intel Mac OS X 10_14_1) AppleWebKit/537.36 (KHTML, like Gecko) Chrome/70.0.3538.77 Safari/537.36",115628c7-2724-41a4-b91d-30bea7d78e29,2018-09-07T06:06:28.085Z,100,39.3884736068153,-11.779440924173,Manzini,Chapa,9,2,3,Team2,laroyabo-715,demo-app,user,demo-app,32,Chapa,9,5120092,1541420489144,Unnamed
5be035c9d9d40d20361a95e6,"Mozilla/5.0 (Macintosh; Intel Mac OS X 10_14_1) AppleWebKit/537.36 (KHTML, like Gecko) Chrome/70.0.3538.77 Safari/537.36",1b93c927-9a32-4a43-9888-1ef173aea287,2018-09-07T05:27:20.108Z,100,40.077071522447,-10.9274196793922,Manzini,Pundanhar,13,0,1,Team3,laroyabo-715,demo-app,user,demo-app,50,Pundanhar,13,5122440,1541420489145,Unnamed
5be035c9d9d40d20361a95e7,"Mozilla/5.0 (Macintosh; Intel Mac OS X 10_14_1) AppleWebKit/537.36 (KHTML, like Gecko) Chrome/70.0.3538.77 Safari/537.36",c1cabb9b-9aaa-41b4-939d-153c3a36a29d,2018-09-06T23:22:21.058Z,100,40.1751680912931,-13.3121890302436,Manzini,Mazeze,3,3,0,Team3,laroyabo-715,demo-app,user,demo-app,12,Mazeze,3,5144339,1541420489146,Unnamed
5be035c9d9d40d20361a95e8,"Mozilla/5.0 (Macintosh; Intel Mac OS X 10_14_1) AppleWebKit/537.36 (KHTML, like Gecko) Chrome/70.0.3538.77 Safari/537.36",c40debb6-71cc-4928-bf94-b3ded2501910,2018-09-06T10:10:20.068Z,100,40.6176316063561,-12.346319819784,Manzini,Quirimba,4,0,1,Team3,laroyabo-715,demo-app,user,demo-app,18,Quirimba,4,5191860,1541420489146,Unnamed
5be035c9d9d40d20361a95e9,"Mozilla/5.0 (Macintosh; Intel Mac OS X 10_14_1) AppleWebKit/537.36 (KHTML, like Gecko) Chrome/70.0.3538.77 Safari/537.36",6a523e50-82e4-4fdb-87ad-9fd28938eb36,2018-09-06T07:15:25.055Z,100,38.5245916165145,-13.0745446599285,Manzini,Mavala,2,3,0,Team1,laroyabo-715,demo-app,user,demo-app,9,Mavala,2,5202355,1541420489147,Unnamed
5be035c9d9d40d20361a95ea,"Mozilla/5.0 (Macintosh; Intel Mac OS X 10_14_1) AppleWebKit/537.36 (KHTML, like Gecko) Chrome/70.0.3538.77 Safari/537.36",1f43a8ff-1af4-4c77-85ba-6a7384bdff86,2018-09-04T15:58:14.070Z,100,40.2584324544068,-11.856199162436,Manzini,Quiterajo,4,2,3,Team5,laroyabo-715,demo-app,user,demo-app,20,Quiterajo,4,5343786,1541420489147,Unnamed
5be035c9d9d40d20361a95eb,"Mozilla/5.0 (Macintosh; Intel Mac OS X 10_14_1) AppleWebKit/537.36 (KHTML, like Gecko) Chrome/70.0.3538.77 Safari/537.36",f782c40d-827d-481a-9a52-a72c097149f8,2018-09-04T12:28:20.048Z,100,40.519963320117,-13.084230596294,Manzini,Murrebue,1,2,3,Team1,laroyabo-715,demo-app,user,demo-app,5,Murrebue,1,5356380,1541420489147,Unnamed
5be035c9d9d40d20361a95ec,"Mozilla/5.0 (Macintosh; Intel Mac OS X 10_14_1) AppleWebKit/537.36 (KHTML, like Gecko) Chrome/70.0.3538.77 Safari/537.36",37820d55-5815-472d-9ff4-49e307716479,2018-09-04T10:34:10.071Z,100,40.4810046625693,-13.2911948055089,Manzini,Mecufi,5,3,0,Team4,laroyabo-715,demo-app,user,demo-app,21,Mecufi,5,5363230,1541420489148,Unnamed
5be035c9d9d40d20361a95ed,"Mozilla/5.0 (Macintosh; Intel Mac OS X 10_14_1) AppleWebKit/537.36 (KHTML, like Gecko) Chrome/70.0.3538.77 Safari/537.36",443ef70c-6007-4837-b065-e317a7a1be05,2018-09-04T08:37:05.044Z,100,39.7993450627854,-13.4807404222271,Manzini,Chiure-Sede,1,0,1,Team4,laroyabo-715,demo-app,user,demo-app,2,Chiure-Sede,1,5370255,1541420489148,Unnamed
5be035c9d9d40d20361a95ee,"Mozilla/5.0 (Macintosh; Intel Mac OS X 10_14_1) AppleWebKit/537.36 (KHTML, like Gecko) Chrome/70.0.3538.77 Safari/537.36",46e8ca2e-b307-4a34-b186-e385e00d7ccd,2018-09-04T01:46:29.084Z,100,38.950242127487,-12.0663717699934,Manzini,Nairoto,8,3,0,Team3,laroyabo-715,demo-app,user,demo-app,30,Nairoto,8,5394891,1541420489148,Unnamed
5be035c9d9d40d20361a95ef,"Mozilla/5.0 (Macintosh; Intel Mac OS X 10_14_1) AppleWebKit/537.36 (KHTML, like Gecko) Chrome/70.0.3538.77 Safari/537.36",9be675bf-a83e-4776-ae28-615578da7544,2018-09-03T10:46:09.102Z,100,39.8287438455235,-10.8907432754057,Manzini,Nangade,12,0,1,Team2,laroyabo-715,demo-app,user,demo-app,46,Nangade,12,5448911,1541420489149,Unnamed
5be035c9d9d40d20361a95f0,"Mozilla/5.0 (Macintosh; Intel Mac OS X 10_14_1) AppleWebKit/537.36 (KHTML, like Gecko) Chrome/70.0.3538.77 Safari/537.36",694159bd-d2a9-4bad-aca3-b3aa6a207736,2018-09-02T03:35:01.052Z,100,38.1875804096292,-13.3075696246384,Manzini,Impiri,2,3,0,Team1,laroyabo-715,demo-app,user,demo-app,7,Impiri,2,5561179,1541420489149,Unnamed
5be035c9d9d40d20361a95f1,"Mozilla/5.0 (Macintosh; Intel Mac OS X 10_14_1) AppleWebKit/537.36 (KHTML, like Gecko) Chrome/70.0.3538.77 Safari/537.36",7f1f5c15-9c58-403d-b413-b5087819464a,2018-09-01T05:21:30.092Z,100,40.1016217308176,-11.7788888005823,Manzini,Chitunda,10,0,1,Team2,laroyabo-715,demo-app,user,demo-app,37,Chitunda,10,5641190,1541420489149,Unnamed
5be035c9d9d40d20361a95f2,"Mozilla/5.0 (Macintosh; Intel Mac OS X 10_14_1) AppleWebKit/537.36 (KHTML, like Gecko) Chrome/70.0.3538.77 Safari/537.36",edc6c755-a668-4865-b8ab-033971a4beec,2018-08-31T13:08:34.082Z,100,38.9949278632249,-13.3220617720923,Manzini,Montepuez Cidade (Sede),8,3,0,Team2,laroyabo-715,demo-app,user,demo-app,28,Montepuez Cidade (Sede),8,5699566,1541420489150,Unnamed
5be035c9d9d40d20361a95f3,"Mozilla/5.0 (Macintosh; Intel Mac OS X 10_14_1) AppleWebKit/537.36 (KHTML, like Gecko) Chrome/70.0.3538.77 Safari/537.36",e385bb43-13da-4573-8281-1fea80cf27b1,2018-08-31T10:33:49.074Z,100,39.9565963447817,-12.3879643276253,Manzini,Muaguide,6,2,3,Team1,laroyabo-715,demo-app,user,demo-app,23,Muaguide,6,5708851,1541420489150,Unnamed
5be035c9d9d40d20361a95f4,"Mozilla/5.0 (Macintosh; Intel Mac OS X 10_14_1) AppleWebKit/537.36 (KHTML, like Gecko) Chrome/70.0.3538.77 Safari/537.36",1b3a7e43-0d41-4305-a173-fe1f50bb2eb3,2018-08-30T22:43:03.090Z,100,39.1249571913515,-11.3950265011102,Manzini,N'Gapa,9,3,0,Team4,laroyabo-715,demo-app,user,demo-app,35,N'Gapa,9,5751497,1541420489151,Unnamed
5be035c9d9d40d20361a95f5,"Mozilla/5.0 (Macintosh; Intel Mac OS X 10_14_1) AppleWebKit/537.36 (KHTML, like Gecko) Chrome/70.0.3538.77 Safari/537.36",c1d721f6-f977-4dc9-82ba-a7df7b2e08d8,2018-08-30T18:16:00.062Z,100,39.9278916841479,-11.9458264387249,Manzini,Chai,4,3,0,Team1,laroyabo-715,demo-app,user,demo-app,15,Chai,4,5767520,1541420489151,Unnamed
5be035c9d9d40d20361a95f6,"Mozilla/5.0 (Macintosh; Intel Mac OS X 10_14_1) AppleWebKit/537.36 (KHTML, like Gecko) Chrome/70.0.3538.77 Safari/537.36",73343e5d-7e67-4a1f-b8da-335ea9d4f3f8,2018-08-29T10:06:55.108Z,100,40.1177497262784,-11.0409397160823,Manzini,Pundanhar,13,3,0,Team4,laroyabo-715,demo-app,user,demo-app,50,Pundanhar,13,5883265,1541420489151,Unnamed
5be035c9d9d40d20361a95f7,"Mozilla/5.0 (Macintosh; Intel Mac OS X 10_14_1) AppleWebKit/537.36 (KHTML, like Gecko) Chrome/70.0.3538.77 Safari/537.36",efff93a6-6f3b-4806-a3f8-06609f512c51,2018-08-28T04:59:34.096Z,100,38.55966460393,-14.0855070342203,Manzini,Luli,11,2,3,Team5,laroyabo-715,demo-app,user,demo-app,41,Luli,11,5988106,1541420489152,Unnamed
5be035c9d9d40d20361a95f8,"Mozilla/5.0 (Macintosh; Intel Mac OS X 10_14_1) AppleWebKit/537.36 (KHTML, like Gecko) Chrome/70.0.3538.77 Safari/537.36",98f279e4-25e4-430b-8bd0-fa71582e4c4a,2018-08-26T16:55:06.081Z,100,39.0212456763536,-13.0807776561623,Manzini,Montepuez Cidade (Sede),8,0,1,Team1,laroyabo-715,demo-app,user,demo-app,28,Montepuez Cidade (Sede),8,6117974,1541420489152,Unnamed
5be035c9d9d40d20361a95f9,"Mozilla/5.0 (Macintosh; Intel Mac OS X 10_14_1) AppleWebKit/537.36 (KHTML, like Gecko) Chrome/70.0.3538.77 Safari/537.36",05e8bb7f-1ad1-40fe-97ef-ad0809734900,2018-08-26T15:35:38.108Z,100,40.1271823769252,-10.8580146298942,Lubombo,Pundanhar,13,0,1,Team2,laroyabo-715,demo-app,user,demo-app,50,Pundanhar,13,6122742,1541420489152,Unnamed
5be035c9d9d40d20361a95fa,"Mozilla/5.0 (Macintosh; Intel Mac OS X 10_14_1) AppleWebKit/537.36 (KHTML, like Gecko) Chrome/70.0.3538.77 Safari/537.36",38941f45-7f93-4949-b608-793adb5a2af5,2018-08-26T07:20:48.070Z,100,40.2904288985508,-11.8339786406878,Lubombo,Quiterajo,4,3,0,Team3,laroyabo-715,demo-app,user,demo-app,20,Quiterajo,4,6152432,1541420489153,Unnamed
5be035c9d9d40d20361a95fb,"Mozilla/5.0 (Macintosh; Intel Mac OS X 10_14_1) AppleWebKit/537.36 (KHTML, like Gecko) Chrome/70.0.3538.77 Safari/537.36",e15bfabc-a617-434a-a794-f36cd1d756ad,2018-08-25T22:46:42.087Z,100,39.5204269735088,-11.3947197990617,Lubombo,Mueda-Sede,9,2,3,Team5,laroyabo-715,demo-app,user,demo-app,34,Mueda-Sede,9,6183278,1541420489153,Unnamed
5be035c9d9d40d20361a95fc,"Mozilla/5.0 (Macintosh; Intel Mac OS X 10_14_1) AppleWebKit/537.36 (KHTML, like Gecko) Chrome/70.0.3538.77 Safari/537.36",c6d8a1de-9df2-464d-8c9c-b2bf9c89ac17,2018-08-25T22:21:35.044Z,100,39.8831346126648,-13.2235008154609,Lubombo,Chiure-Sede,1,0,1,Team4,laroyabo-715,demo-app,user,demo-app,2,Chiure-Sede,1,6184785,1541420489153,Unnamed
5be035c9d9d40d20361a95fd,"Mozilla/5.0 (Macintosh; Intel Mac OS X 10_14_1) AppleWebKit/537.36 (KHTML, like Gecko) Chrome/70.0.3538.77 Safari/537.36",de16928c-5220-42e4-ad32-ee9734840f42,2018-08-25T07:02:13.090Z,100,38.4181769320875,-11.6990983994501,Lubombo,Negomano,9,0,1,Team4,laroyabo-715,demo-app,user,demo-app,36,Negomano,9,6239947,1541420489154,Unnamed
5be035c9d9d40d20361a95fe,"Mozilla/5.0 (Macintosh; Intel Mac OS X 10_14_1) AppleWebKit/537.36 (KHTML, like Gecko) Chrome/70.0.3538.77 Safari/537.36",3648e3ae-1c60-4320-8d03-b0d331031e28,2018-08-25T05:48:55.066Z,100,40.4330684146022,-12.2421014210025,Lubombo,Mucojo,4,2,3,Team3,laroyabo-715,demo-app,user,demo-app,17,Mucojo,4,6244345,1541420489154,Unnamed
5be035c9d9d40d20361a95ff,"Mozilla/5.0 (Macintosh; Intel Mac OS X 10_14_1) AppleWebKit/537.36 (KHTML, like Gecko) Chrome/70.0.3538.77 Safari/537.36",cb034256-7990-4b88-9513-6a6c0646c57c,2018-08-24T23:17:30.074Z,100,40.0020943778552,-12.4109703899794,Lubombo,Muaguide,6,3,0,Team3,laroyabo-715,demo-app,user,demo-app,23,Muaguide,6,6267830,1541420489154,Unnamed
5be035c9d9d40d20361a9600,"Mozilla/5.0 (Macintosh; Intel Mac OS X 10_14_1) AppleWebKit/537.36 (KHTML, like Gecko) Chrome/70.0.3538.77 Safari/537.36",77cd9800-3f8b-4696-bd04-728a53637159,2018-08-24T22:23:18.051Z,100,38.7641042511361,-13.311220677084,Lubombo,Balama,2,3,0,Team3,laroyabo-715,demo-app,user,demo-app,6,Balama,2,6271082,1541420489155,Unnamed
5be035c9d9d40d20361a9601,"Mozilla/5.0 (Macintosh; Intel Mac OS X 10_14_1) AppleWebKit/537.36 (KHTML, like Gecko) Chrome/70.0.3538.77 Safari/537.36",48db6a83-17d9-4064-be90-30790bba969d,2018-08-24T00:54:03.047Z,100,39.4884927517016,-12.8400967733534,Lubombo,Meza,1,0,1,Team2,laroyabo-715,demo-app,user,demo-app,4,Meza,1,6348437,1541420489155,Unnamed
5be035c9d9d40d20361a9602,"Mozilla/5.0 (Macintosh; Intel Mac OS X 10_14_1) AppleWebKit/537.36 (KHTML, like Gecko) Chrome/70.0.3538.77 Safari/537.36",0560b5be-2468-4600-bd26-cd6b8d1dec0f,2018-08-24T00:16:31.093Z,100,39.6450060316927,-11.917995009623,Lubombo,Miteda,10,0,1,Team1,laroyabo-715,demo-app,user,demo-app,38,Miteda,10,6350689,1541420489155,Unnamed
5be035c9d9d40d20361a9603,"Mozilla/5.0 (Macintosh; Intel Mac OS X 10_14_1) AppleWebKit/537.36 (KHTML, like Gecko) Chrome/70.0.3538.77 Safari/537.36",92ac5aeb-9783-41d1-954b-328322e3f051,2018-08-23T19:18:23.069Z,100,40.2492544049238,-12.3969643675272,Lubombo,Quissanga,4,3,0,Team5,laroyabo-715,demo-app,user,demo-app,19,Quissanga,4,6368577,1541420489156,Unnamed
5be035c9d9d40d20361a9604,"Mozilla/5.0 (Macintosh; Intel Mac OS X 10_14_1) AppleWebKit/537.36 (KHTML, like Gecko) Chrome/70.0.3538.77 Safari/537.36",58972c59-f0d2-41d0-8f66-2f5620445d79,2018-08-22T14:58:55.050Z,100,38.6696314985113,-13.4159914368292,Lubombo,Balama,2,2,3,Team5,laroyabo-715,demo-app,user,demo-app,6,Balama,2,6470545,1541420489156,Unnamed
5be035c9d9d40d20361a9605,"Mozilla/5.0 (Macintosh; Intel Mac OS X 10_14_1) AppleWebKit/537.36 (KHTML, like Gecko) Chrome/70.0.3538.77 Safari/537.36",8dcf1e1e-3714-4684-bf20-bd8185ed9f2e,2018-08-21T08:09:48.063Z,100,40.0122925221688,-12.2104193068958,Lubombo,Macomia-Sede,4,0,1,Team4,laroyabo-715,demo-app,user,demo-app,16,Macomia-Sede,4,6581492,1541420489157,Unnamed
5be035c9d9d40d20361a9606,"Mozilla/5.0 (Macintosh; Intel Mac OS X 10_14_1) AppleWebKit/537.36 (KHTML, like Gecko) Chrome/70.0.3538.77 Safari/537.36",369e4510-d415-45f4-bfe8-d309e48de952,2018-08-20T21:03:55.066Z,100,40.4713365004594,-12.0774618376117,Lubombo,Mucojo,4,0,1,Team5,laroyabo-715,demo-app,user,demo-app,17,Mucojo,4,6621445,1541420489157,Unnamed
5be035c9d9d40d20361a9607,"Mozilla/5.0 (Macintosh; Intel Mac OS X 10_14_1) AppleWebKit/537.36 (KHTML, like Gecko) Chrome/70.0.3538.77 Safari/537.36",392a8511-43aa-42e1-8b11-dec3acebf468,2018-08-18T06:40:43.090Z,100,38.8521857418556,-11.3835411232589,Lubombo,Negomano,9,2,3,Team3,laroyabo-715,demo-app,user,demo-app,36,Negomano,9,6846037,1541420489158,Unnamed
5be035c9d9d40d20361a9608,"Mozilla/5.0 (Macintosh; Intel Mac OS X 10_14_1) AppleWebKit/537.36 (KHTML, like Gecko) Chrome/70.0.3538.77 Safari/537.36",162a21c5-c057-4042-9d22-5e7bd922f4ba,2018-08-16T08:58:51.046Z,100,40.0630114186693,-13.1449585392128,Lubombo,Metoro,1,0,1,Team3,laroyabo-715,demo-app,user,demo-app,3,Metoro,1,7010549,1541420489158,Unnamed
5be035c9d9d40d20361a9609,"Mozilla/5.0 (Macintosh; Intel Mac OS X 10_14_1) AppleWebKit/537.36 (KHTML, like Gecko) Chrome/70.0.3538.77 Safari/537.36",2f0d772b-9900-46a6-a5f0-354c2af3fa89,2018-08-16T08:18:05.093Z,100,39.7836119281837,-11.7632333273005,Lubombo,Muidumbe,10,3,0,Team4,laroyabo-715,demo-app,user,demo-app,39,Muidumbe,10,7012995,1541420489159,Unnamed
5be035c9d9d40d20361a960a,"Mozilla/5.0 (Macintosh; Intel Mac OS X 10_14_1) AppleWebKit/537.36 (KHTML, like Gecko) Chrome/70.0.3538.77 Safari/537.36",3d99e63f-b1f7-42ef-9bd7-16b6cd16cda1,2018-08-16T01:38:52.076Z,100,39.9533863942901,-11.395192670326,Lubombo,Diaca,7,2,3,Team1,laroyabo-715,demo-app,user,demo-app,24,Diaca,7,7036948,1541420489159,Unnamed
5be035c9d9d40d20361a960b,"Mozilla/5.0 (Macintosh; Intel Mac OS X 10_14_1) AppleWebKit/537.36 (KHTML, like Gecko) Chrome/70.0.3538.77 Safari/537.36",6ac92cbf-87fc-4c97-9cef-ec0fc30f59ca,2018-08-15T22:37:24.071Z,100,40.5429575646313,-13.3773034598275,Lubombo,Mecufi,5,2,3,Team2,laroyabo-715,demo-app,user,demo-app,21,Mecufi,5,7047836,1541420489159,Unnamed
5be035c9d9d40d20361a960c,"Mozilla/5.0 (Macintosh; Intel Mac OS X 10_14_1) AppleWebKit/537.36 (KHTML, like Gecko) Chrome/70.0.3538.77 Safari/537.36",7dccb030-cdd0-47dd-a694-18755e55b58a,2018-08-14T19:09:00.086Z,100,39.6692843110995,-11.4946845091398,Lubombo,Imbuho,9,0,1,Team1,laroyabo-715,demo-app,user,demo-app,33,Imbuho,9,7146740,1541420489160,Unnamed
5be035c9d9d40d20361a960d,"Mozilla/5.0 (Macintosh; Intel Mac OS X 10_14_1) AppleWebKit/537.36 (KHTML, like Gecko) Chrome/70.0.3538.77 Safari/537.36",6a16511f-0ad3-4577-bcd8-17d0e2fd7383,2018-08-13T07:02:48.101Z,100,38.7934868442751,-13.7133710708388,Lubombo,Ncumpe,11,2,3,Team1,laroyabo-715,demo-app,user,demo-app,45,Ncumpe,11,7276712,1541420489160,Unnamed
5be035c9d9d40d20361a960e,"Mozilla/5.0 (Macintosh; Intel Mac OS X 10_14_1) AppleWebKit/537.36 (KHTML, like Gecko) Chrome/70.0.3538.77 Safari/537.36",fe707679-3c0f-47dd-886a-c8b001ab14fd,2018-08-13T02:12:00.076Z,100,39.90801397277,-11.5069851160551,Lubombo,Diaca,7,0,1,Team2,laroyabo-715,demo-app,user,demo-app,24,Diaca,7,7294160,1541420489160,Unnamed
5be035c9d9d40d20361a960f,"Mozilla/5.0 (Macintosh; Intel Mac OS X 10_14_1) AppleWebKit/537.36 (KHTML, like Gecko) Chrome/70.0.3538.77 Safari/537.36",9f01d7b5-5de6-4b87-9f3c-2f1eaa89b18f,2018-08-12T00:35:03.095Z,100,39.1643096404816,-13.8932033187747,Lubombo,Hucula,11,2,3,Team2,laroyabo-715,demo-app,user,demo-app,40,Hucula,11,7386377,1541420489161,Unnamed
5be035c9d9d40d20361a9610,"Mozilla/5.0 (Macintosh; Intel Mac OS X 10_14_1) AppleWebKit/537.36 (KHTML, like Gecko) Chrome/70.0.3538.77 Safari/537.36",f940d8ab-75ce-4e46-9224-6a0e8d6a10ac,2018-08-11T12:47:58.074Z,100,39.6649040929876,-12.5423577539177,Lubombo,Meluco,6,0,1,Team2,laroyabo-715,demo-app,user,demo-app,22,Meluco,6,7428802,1541420489161,Unnamed
5be035c9d9d40d20361a9611,"Mozilla/5.0 (Macintosh; Intel Mac OS X 10_14_1) AppleWebKit/537.36 (KHTML, like Gecko) Chrome/70.0.3538.77 Safari/537.36",28c88a36-d235-47a7-bd59-384a6f55781b,2018-08-11T02:00:16.080Z,100,39.1349003240373,-12.6503272505182,Lubombo,Mirate,8,2,3,Team4,laroyabo-715,demo-app,user,demo-app,27,Mirate,8,7467664,1541420489162,Unnamed
5be035c9d9d40d20361a9612,"Mozilla/5.0 (Macintosh; Intel Mac OS X 10_14_1) AppleWebKit/537.36 (KHTML, like Gecko) Chrome/70.0.3538.77 Safari/537.36",dcfd345a-c94e-49f2-86dd-66dca7864524,2018-08-10T23:30:42.054Z,100,38.5665759932992,-13.1355924082992,Lubombo,Mavala,2,3,0,Team1,laroyabo-715,demo-app,user,demo-app,9,Mavala,2,7476638,1541420489163,Unnamed
5be035c9d9d40d20361a9613,"Mozilla/5.0 (Macintosh; Intel Mac OS X 10_14_1) AppleWebKit/537.36 (KHTML, like Gecko) Chrome/70.0.3538.77 Safari/537.36",ade5a461-2fa9-4c0c-b7b2-5c1c294fb041,2018-08-10T19:14:02.100Z,100,38.7850063703828,-13.5980718716501,Lubombo,Namuno-Sede,11,2,3,Team5,laroyabo-715,demo-app,user,demo-app,44,Namuno-Sede,11,7492038,1541420489163,Unnamed
5be035c9d9d40d20361a9614,"Mozilla/5.0 (Macintosh; Intel Mac OS X 10_14_1) AppleWebKit/537.36 (KHTML, like Gecko) Chrome/70.0.3538.77 Safari/537.36",dd979240-808c-47cd-8c16-ce36222e39c7,2018-08-10T08:36:58.072Z,100,39.6529693149289,-12.5217859757528,Lubombo,Meluco,6,2,3,Team1,laroyabo-715,demo-app,user,demo-app,22,Meluco,6,7530262,1541420489164,Unnamed
5be035c9d9d40d20361a9615,"Mozilla/5.0 (Macintosh; Intel Mac OS X 10_14_1) AppleWebKit/537.36 (KHTML, like Gecko) Chrome/70.0.3538.77 Safari/537.36",c69053b6-4170-4f26-93a3-378e1136a23e,2018-08-09T23:28:39.095Z,100,38.936682388125,-13.8305350012758,Lubombo,Hucula,11,0,1,Team3,laroyabo-715,demo-app,user,demo-app,40,Hucula,11,7563161,1541420489164,Unnamed
5be035c9d9d40d20361a9616,"Mozilla/5.0 (Macintosh; Intel Mac OS X 10_14_1) AppleWebKit/537.36 (KHTML, like Gecko) Chrome/70.0.3538.77 Safari/537.36",fed2462b-5a50-4c67-a491-1e731b67f542,2018-08-08T22:51:02.056Z,100,38.3464941298955,-13.258193844272,Lubombo,Mavala,2,3,0,Team4,laroyabo-715,demo-app,user,demo-app,9,Mavala,2,7651818,1541420489164,Unnamed
5be035c9d9d40d20361a9617,"Mozilla/5.0 (Macintosh; Intel Mac OS X 10_14_1) AppleWebKit/537.36 (KHTML, like Gecko) Chrome/70.0.3538.77 Safari/537.36",e737a20e-3e84-49b7-a459-81461b6981eb,2018-08-08T18:26:39.098Z,100,39.3247263361349,-13.6491545533412,Lubombo,Meloco,11,2,3,Team3,laroyabo-715,demo-app,user,demo-app,43,Meloco,11,7667681,1541420489165,Unnamed
5be035c9d9d40d20361a9618,"Mozilla/5.0 (Macintosh; Intel Mac OS X 10_14_1) AppleWebKit/537.36 (KHTML, like Gecko) Chrome/70.0.3538.77 Safari/537.36",18c42eac-2fec-4810-9072-aff1c0d667a3,2018-08-08T18:03:20.095Z,100,38.7987119632079,-14.0572960974387,Lubombo,Luli,11,0,1,Team2,laroyabo-715,demo-app,user,demo-app,41,Luli,11,7669080,1541420489165,Unnamed
5be035c9d9d40d20361a9619,"Mozilla/5.0 (Macintosh; Intel Mac OS X 10_14_1) AppleWebKit/537.36 (KHTML, like Gecko) Chrome/70.0.3538.77 Safari/537.36",b90ad915-745c-42ce-86c0-1b3691db15d3,2018-08-08T06:34:15.057Z,100,39.6851684668836,-13.4804368236329,Lubombo,Katapua,3,2,3,Team4,laroyabo-715,demo-app,user,demo-app,11,Katapua,3,7710425,1541420489165,Unnamed
5be035c9d9d40d20361a961a,"Mozilla/5.0 (Macintosh; Intel Mac OS X 10_14_1) AppleWebKit/537.36 (KHTML, like Gecko) Chrome/70.0.3538.77 Safari/537.36",25b2c494-8ab7-4857-ad24-d6c708be255b,2018-08-07T18:05:44.106Z,100,40.4529823378425,-10.9148309826146,Lubombo,Olumbe,13,3,0,Team5,laroyabo-715,demo-app,user,demo-app,48,Olumbe,13,7755336,1541420489166,Unnamed